case,backend,phase,HEAD,LIST,GET,emitted_body_bytes,response_body_bytes,status_codes,write_errors,validated
http-direct-suffixoff-schemainfer-1,http,reader,2,0,4,5189,5189,"200,206",0,True
http-direct-suffixoff-schemainfer-2,http,reader,2,0,4,5189,5189,"200,206",0,True
http-direct-suffixoff-schemainfer-3,http,reader,2,0,4,5189,5189,"200,206",0,True
http-direct-suffixon-schemainfer-1,http,reader,1,0,4,5189,5189,"200,206",0,True
http-direct-suffixon-schemainfer-2,http,reader,1,0,4,5189,5189,"200,206",0,True
http-direct-suffixon-schemainfer-3,http,reader,1,0,4,5189,5189,"200,206",0,True
http-largefooter-suffixoff-schemainfer-1,http,collection,3,0,5,353367,353367,"200,206",0,True
http-largefooter-suffixoff-schemainfer-1,http,construction,2,0,2,351462,351462,"200,206",0,True
http-largefooter-suffixoff-schemainfer-2,http,collection,3,0,5,353367,353367,"200,206",0,True
http-largefooter-suffixoff-schemainfer-2,http,construction,2,0,2,351462,351462,"200,206",0,True
http-largefooter-suffixoff-schemainfer-3,http,collection,3,0,5,353367,353367,"200,206",0,True
http-largefooter-suffixoff-schemainfer-3,http,construction,2,0,2,351462,351462,"200,206",0,True
http-largefooter-suffixon-schemainfer-1,http,collection,2,0,5,484439,484439,"200,206",0,True
http-largefooter-suffixon-schemainfer-1,http,construction,1,0,2,482534,482534,"200,206",0,True
http-largefooter-suffixon-schemainfer-2,http,collection,2,0,5,484439,484439,"200,206",0,True
http-largefooter-suffixon-schemainfer-2,http,construction,1,0,2,482534,482534,"200,206",0,True
http-largefooter-suffixon-schemainfer-3,http,collection,2,0,5,484439,484439,"200,206",0,True
http-largefooter-suffixon-schemainfer-3,http,construction,1,0,2,482534,482534,"200,206",0,True
http-multi-suffixoff-schemainfer-1,http,collection,6,0,8,10410,10410,"200,206",0,True
http-multi-suffixoff-schemainfer-1,http,construction,2,0,1,3284,3284,"200,206",0,True
http-multi-suffixoff-schemainfer-2,http,collection,6,0,8,10410,10410,"200,206",0,True
http-multi-suffixoff-schemainfer-2,http,construction,2,0,1,3284,3284,"200,206",0,True
http-multi-suffixoff-schemainfer-3,http,collection,6,0,8,10410,10410,"200,206",0,True
http-multi-suffixoff-schemainfer-3,http,construction,2,0,1,3284,3284,"200,206",0,True
http-multi-suffixon-schemainfer-1,http,collection,4,0,8,10410,10410,"200,206",0,True
http-multi-suffixon-schemainfer-1,http,construction,1,0,1,3284,3284,"200,206",0,True
http-multi-suffixon-schemainfer-2,http,collection,4,0,8,10410,10410,"200,206",0,True
http-multi-suffixon-schemainfer-2,http,construction,1,0,1,3284,3284,"200,206",0,True
http-multi-suffixon-schemainfer-3,http,collection,4,0,8,10410,10410,"200,206",0,True
http-multi-suffixon-schemainfer-3,http,construction,1,0,1,3284,3284,"200,206",0,True
http-single-suffixoff-schemainfer-1,http,collection,3,0,4,5189,5189,"200,206",0,True
http-single-suffixoff-schemainfer-1,http,construction,2,0,1,3284,3284,"200,206",0,True
http-single-suffixoff-schemainfer-2,http,collection,3,0,4,5189,5189,"200,206",0,True
http-single-suffixoff-schemainfer-2,http,construction,2,0,1,3284,3284,"200,206",0,True
http-single-suffixoff-schemainfer-3,http,collection,3,0,4,5189,5189,"200,206",0,True
http-single-suffixoff-schemainfer-3,http,construction,2,0,1,3284,3284,"200,206",0,True
http-single-suffixon-schemainfer-1,http,collection,2,0,4,5189,5189,"200,206",0,True
http-single-suffixon-schemainfer-1,http,construction,1,0,1,3284,3284,"200,206",0,True
http-single-suffixon-schemainfer-2,http,collection,2,0,4,5189,5189,"200,206",0,True
http-single-suffixon-schemainfer-2,http,construction,1,0,1,3284,3284,"200,206",0,True
http-single-suffixon-schemainfer-3,http,collection,2,0,4,5189,5189,"200,206",0,True
http-single-suffixon-schemainfer-3,http,construction,1,0,1,3284,3284,"200,206",0,True
s3-glob-suffixoff-schemainfer-1,s3-compatible,collection,4,1,8,11328,11328,"200,206",0,True
s3-glob-suffixoff-schemainfer-1,s3-compatible,construction,1,1,1,4202,4202,"200,206",0,True
s3-glob-suffixoff-schemainfer-2,s3-compatible,collection,4,1,8,11328,11328,"200,206",0,True
s3-glob-suffixoff-schemainfer-2,s3-compatible,construction,1,1,1,4202,4202,"200,206",0,True
s3-glob-suffixoff-schemainfer-3,s3-compatible,collection,4,1,8,11328,11328,"200,206",0,True
s3-glob-suffixoff-schemainfer-3,s3-compatible,construction,1,1,1,4202,4202,"200,206",0,True
s3-glob-suffixon-schemainfer-1,s3-compatible,collection,2,1,8,11328,11328,"200,206",0,True
s3-glob-suffixon-schemainfer-1,s3-compatible,construction,0,1,1,4202,4202,"200,206",0,True
s3-glob-suffixon-schemainfer-2,s3-compatible,collection,2,1,8,11328,11328,"200,206",0,True
s3-glob-suffixon-schemainfer-2,s3-compatible,construction,0,1,1,4202,4202,"200,206",0,True
s3-glob-suffixon-schemainfer-3,s3-compatible,collection,2,1,8,11328,11328,"200,206",0,True
s3-glob-suffixon-schemainfer-3,s3-compatible,construction,0,1,1,4202,4202,"200,206",0,True
s3-multi-suffixoff-schemagiven-1,s3-compatible,collection,6,0,8,10410,10410,"200,206",0,True
s3-multi-suffixoff-schemagiven-1,s3-compatible,construction,1,0,0,0,0,200,0,True
s3-multi-suffixoff-schemagiven-2,s3-compatible,collection,6,0,8,10410,10410,"200,206",0,True
s3-multi-suffixoff-schemagiven-2,s3-compatible,construction,1,0,0,0,0,200,0,True
s3-multi-suffixoff-schemagiven-3,s3-compatible,collection,6,0,8,10410,10410,"200,206",0,True
s3-multi-suffixoff-schemagiven-3,s3-compatible,construction,1,0,0,0,0,200,0,True
s3-multi-suffixon-schemagiven-1,s3-compatible,collection,4,0,8,10410,10410,"200,206",0,True
s3-multi-suffixon-schemagiven-1,s3-compatible,construction,1,0,0,0,0,200,0,True
s3-multi-suffixon-schemagiven-2,s3-compatible,collection,4,0,8,10410,10410,"200,206",0,True
s3-multi-suffixon-schemagiven-2,s3-compatible,construction,1,0,0,0,0,200,0,True
s3-multi-suffixon-schemagiven-3,s3-compatible,collection,4,0,8,10410,10410,"200,206",0,True
s3-multi-suffixon-schemagiven-3,s3-compatible,construction,1,0,0,0,0,200,0,True
s3-single-suffixoff-schemainfer-1,s3-compatible,collection,3,0,4,5189,5189,"200,206",0,True
s3-single-suffixoff-schemainfer-1,s3-compatible,construction,2,0,1,3284,3284,"200,206",0,True
s3-single-suffixoff-schemainfer-2,s3-compatible,collection,3,0,4,5189,5189,"200,206",0,True
s3-single-suffixoff-schemainfer-2,s3-compatible,construction,2,0,1,3284,3284,"200,206",0,True
s3-single-suffixoff-schemainfer-3,s3-compatible,collection,3,0,4,5189,5189,"200,206",0,True
s3-single-suffixoff-schemainfer-3,s3-compatible,construction,2,0,1,3284,3284,"200,206",0,True
s3-single-suffixon-schemainfer-1,s3-compatible,collection,2,0,4,5189,5189,"200,206",0,True
s3-single-suffixon-schemainfer-1,s3-compatible,construction,1,0,1,3284,3284,"200,206",0,True
s3-single-suffixon-schemainfer-2,s3-compatible,collection,2,0,4,5189,5189,"200,206",0,True
s3-single-suffixon-schemainfer-2,s3-compatible,construction,1,0,1,3284,3284,"200,206",0,True
s3-single-suffixon-schemainfer-3,s3-compatible,collection,2,0,4,5189,5189,"200,206",0,True
s3-single-suffixon-schemainfer-3,s3-compatible,construction,1,0,1,3284,3284,"200,206",0,True
